{"cameraMode":{"drawMode":0,"name":"Shaded","section":"Shading Mode"},"sceneLighting":false,"audioPlay":false,"sceneViewState":{"m_AlwaysRefresh":false,"showFog":true,"showSkybox":false,"showFlares":true,"showImageEffects":true,"showParticleSystems":true,"showVisualEffectGraphs":true,"m_FxEnabled":true},"in2DMode":false,"pivot":{"x":-0.2256770133972168,"y":-0.8625938892364502,"z":1.9162769317626954},"rotation":{"x":0.08226130157709122,"y":0.8442233204841614,"z":-0.13563773036003114,"w":0.5119372606277466},"size":4.391213893890381,"orthographic":false}