{"cameraMode":{"drawMode":0,"name":"Shaded","section":"Shading Mode"},"sceneLighting":false,"audioPlay":false,"sceneViewState":{"m_AlwaysRefresh":false,"showFog":true,"showSkybox":false,"showFlares":true,"showImageEffects":true,"showParticleSystems":true,"showVisualEffectGraphs":true,"m_FxEnabled":true},"in2DMode":false,"pivot":{"x":-0.5493611693382263,"y":-0.20040874183177949,"z":-0.9004873037338257},"rotation":{"x":0.0948159247636795,"y":0.7573755979537964,"z":-0.11658838391304016,"w":0.6376272439956665},"size":0.9191628694534302,"orthographic":false}