{"cameraMode":{"drawMode":0,"name":"Shaded","section":"Shading Mode"},"sceneLighting":false,"audioPlay":false,"sceneViewState":{"m_AlwaysRefresh":false,"showFog":true,"showSkybox":false,"showFlares":true,"showImageEffects":true,"showParticleSystems":true,"showVisualEffectGraphs":true,"m_FxEnabled":true},"in2DMode":false,"pivot":{"x":-0.16774393618106843,"y":0.36464229226112368,"z":0.632455050945282},"rotation":{"x":0.06432120501995087,"y":0.7378832101821899,"z":-0.07409612834453583,"w":0.6698299050331116},"size":0.9572044014930725,"orthographic":false}