{"cameraMode":{"drawMode":0,"name":"Shaded","section":"Shading Mode"},"sceneLighting":false,"audioPlay":false,"sceneViewState":{"m_AlwaysRefresh":false,"showFog":true,"showSkybox":false,"showFlares":true,"showImageEffects":true,"showParticleSystems":true,"showVisualEffectGraphs":true,"m_FxEnabled":true},"in2DMode":false,"pivot":{"x":-1.5401396751403809,"y":0.21952800452709199,"z":0.4672282636165619},"rotation":{"x":0.09316722303628922,"y":0.8280069828033447,"z":-0.1486893594264984,"w":0.5351549386978149},"size":1.1565971374511719,"orthographic":false}