{"cameraMode":{"drawMode":0,"name":"Shaded","section":"Shading Mode"},"sceneLighting":false,"audioPlay":false,"sceneViewState":{"m_AlwaysRefresh":false,"showFog":true,"showSkybox":false,"showFlares":true,"showImageEffects":true,"showParticleSystems":true,"showVisualEffectGraphs":true,"m_FxEnabled":true},"in2DMode":false,"pivot":{"x":0.01077166199684143,"y":1.4901161193847657e-8,"z":4.565889358520508},"rotation":{"x":-0.0833824872970581,"y":-0.046067506074905398,"z":-0.0031943845096975567,"w":-0.9970718026161194},"size":6.046992778778076,"orthographic":false}