{"cameraMode":{"drawMode":0,"name":"Shaded","section":"Shading Mode"},"sceneLighting":false,"audioPlay":false,"sceneViewState":{"m_AlwaysRefresh":false,"showFog":true,"showSkybox":false,"showFlares":true,"showImageEffects":true,"showParticleSystems":true,"showVisualEffectGraphs":true,"m_FxEnabled":true},"in2DMode":false,"pivot":{"x":-2.8652243614196779,"y":3.8600142002105715,"z":1.2577176094055176},"rotation":{"x":0.12867823243141175,"y":0.7683050036430359,"z":-0.16701315343379975,"w":0.6066562533378601},"size":0.5520424842834473,"orthographic":false}